{"price": 199.89, "review_count": 12, "item_id": "5351716707", "avg_rating": 3.5833333333333335, "product_name": "Restored Apple iPhone 12 - Straight Talk / Tracfone - 64 GB Black (Refurbished)", "brand": "Apple", "availability": "IN_STOCK", "image_url": "https://i5.walmartimages.com/seo/Restored-Apple-iPhone-12-64GB-Black-Tracfone-Straight-Talk-Refurbished-Like-New_d6cf337e-0e8d-4a42-9d02-93ad6ef75119.cfd32c8b9c69e6bb2d321ffd0a434a67.jpeg", "short_description": "This iPhone is restored.The iPhone 12 has been fully tested, triaged and factory reset by certified technicians.This iphone is Refurbished with minimal to no scratches, scuffs, dings or blemishes from 12 inches away. It will come with a charging cable. No SIM card is included and can only be used with the carrier stated in the listing title and cannot be unlocked."}
{"price": 199.89, "review_count": 12, "item_id": "5351716707", "avg_rating": 3.5833333333333335, "product_name": "Restored Apple iPhone 12 - Straight Talk / Tracfone - 64 GB Black (Refurbished)", "brand": "Apple", "availability": "IN_STOCK", "image_url": "https://i5.walmartimages.com/seo/Restored-Apple-iPhone-12-64GB-Black-Tracfone-Straight-Talk-Refurbished-Like-New_d6cf337e-0e8d-4a42-9d02-93ad6ef75119.cfd32c8b9c69e6bb2d321ffd0a434a67.jpeg", "short_description": "This iPhone is restored.The iPhone 12 has been fully tested, triaged and factory reset by certified technicians.This iphone is Refurbished with minimal to no scratches, scuffs, dings or blemishes from 12 inches away. It will come with a charging cable. No SIM card is included and can only be used with the carrier stated in the listing title and cannot be unlocked."}
{"price": 199.89, "review_count": 10, "item_id": "5351716707", "avg_rating": 4, "product_name": "Restored Apple iPhone 12 - Straight Talk / Tracfone - 64 GB Black (Refurbished)", "brand": "Apple", "availability": "IN_STOCK", "image_url": "https://i5.walmartimages.com/seo/Restored-Apple-iPhone-12-64GB-Black-Tracfone-Straight-Talk-Refurbished-Like-New_d6cf337e-0e8d-4a42-9d02-93ad6ef75119.cfd32c8b9c69e6bb2d321ffd0a434a67.jpeg", "short_description": "This iPhone is restored.The iPhone 12 has been fully tested, triaged and factory reset by certified technicians.This iphone is Refurbished with minimal to no scratches, scuffs, dings or blemishes from 12 inches away. It will come with a charging cable. No SIM card is included and can only be used with the carrier stated in the listing title and cannot be unlocked."}
{"price": 183.49, "review_count": 10, "item_id": "5341812230", "avg_rating": 4, "product_name": "Restored Apple iPhone 12 - Straight Talk / Tracfone - 64 GB Blue (Refurbished)", "brand": "Apple", "availability": "IN_STOCK", "image_url": "https://i5.walmartimages.com/seo/Restored-Apple-iPhone-12-64GB-Blue-Tracfone-Straight-Talk-Refurbished-Like-New_11202a7e-1494-446c-b475-f880f6e85f7b.6cedd3aa0bdd5806ca8a5d38c714cffe.jpeg", "short_description": "This iPhone is restored.The iPhone 12 has been fully tested, triaged and factory reset by certified technicians.This iphone is Refubished with minimal to no scratches, scuffs, dings or blemishes from 12 inches away. It will come with a charging cable. No SIM card is included and can only be used with the carrier stated in the listing title and cannot be unlocked."}
{"price": 210, "review_count": 10, "item_id": "5263380978", "avg_rating": 4, "product_name": "Restored Apple iPhone 12 - Straight Talk / Tracfone - 64 GB Red (Refurbished)", "brand": "Apple", "availability": "IN_STOCK", "image_url": "https://i5.walmartimages.com/seo/Restored-Apple-iPhone-12-64GB-Red-Tracfone-Straight-Talk-Refurbished-Like-New_81d0e357-92b0-4c8d-9207-86949be72662.7aaea6fc1a6855fd97b4c1a0cb448c5c.jpeg", "short_description": "This iPhone is restored. The iPhone 12 has been fully tested, triaged and factory reset by technicians. It will come with a charging cable. No SIM card is included and can only be Refurbished with the carrier stated in the listing title and cannot be unlocked."}
{"price": 249, "review_count": 2381, "item_id": "454408250", "avg_rating": 4.4, "product_name": "Straight Talk Apple iPhone 13, 128GB, Midnight - Prepaid Smartphone [Locked to Straight Talk]", "brand": "Apple", "availability": "IN_STOCK", "image_url": "https://i5.walmartimages.com/seo/Straight-Talk-Apple-iPhone-13-128GB-Midnight-Prepaid-Smartphone-Locked-to-Straight-Talk_96ba0977-9465-4837-b093-7ff0f38145f0.5454ebd9396be129f33ccd1fc4275aa7.jpeg", "short_description": "iPhone 13. Your new superpower. The iPhone 13 on Straight Talk is an all-out standout featuring the most advanced dual-camera system ever on iPhone and lightning-fast performance with the all-new A15 bionic chip. Shoot incredible low-light photos and videos with the new 12MP Wide & Ultra Wide cameras and make movie magic with Cinematic mode. With 128GB of storage space, you'll be able to download and store your favorite apps, games, music and more! Plus, the 6.1-inch Super Retina screen boasts an XDR display that's even brighter, so it's easier to see in full sunlight. \u00b2 Add in durability, power and speed with Ceramic Shield, a leap in battery life with up to 19 hours of video playback,\u00b3 and 5G capability for superfast downloads and high-quality streaming\u00b9. Pair it with an unlimited talk, text & data plan on America's most reliable 5G\u2020 network without a contract from Straight Talk to keep you connected for less. Find the&nbsp;Apple iPhone 13 and Straight Talk plans online or in-store at your local Walmart."}
{"price": 249, "review_count": 2381, "item_id": "454408250", "avg_rating": 4.4, "product_name": "Straight Talk Apple iPhone 13, 128GB, Midnight - Prepaid Smartphone [Locked to Straight Talk]", "brand": "Apple", "availability": "IN_STOCK", "image_url": "https://i5.walmartimages.com/seo/Straight-Talk-Apple-iPhone-13-128GB-Midnight-Prepaid-Smartphone-Locked-to-Straight-Talk_96ba0977-9465-4837-b093-7ff0f38145f0.5454ebd9396be129f33ccd1fc4275aa7.jpeg", "short_description": "iPhone 13. Your new superpower. The iPhone 13 on Straight Talk is an all-out standout featuring the most advanced dual-camera system ever on iPhone and lightning-fast performance with the all-new A15 bionic chip. Shoot incredible low-light photos and videos with the new 12MP Wide & Ultra Wide cameras and make movie magic with Cinematic mode. With 128GB of storage space, you'll be able to download and store your favorite apps, games, music and more! Plus, the 6.1-inch Super Retina screen boasts an XDR display that's even brighter, so it's easier to see in full sunlight. \u00b2 Add in durability, power and speed with Ceramic Shield, a leap in battery life with up to 19 hours of video playback,\u00b3 and 5G capability for superfast downloads and high-quality streaming\u00b9. Pair it with an unlimited talk, text & data plan on America's most reliable 5G\u2020 network without a contract from Straight Talk to keep you connected for less. Find the&nbsp;Apple iPhone 13 and Straight Talk plans online or in-store at your local Walmart."}
{"price": 249, "review_count": 2381, "item_id": "454408250", "avg_rating": 4.4, "product_name": "Straight Talk Apple iPhone 13, 128GB, Midnight - Prepaid Smartphone [Locked to Straight Talk]", "brand": "Apple", "availability": "IN_STOCK", "image_url": "https://i5.walmartimages.com/seo/Straight-Talk-Apple-iPhone-13-128GB-Midnight-Prepaid-Smartphone-Locked-to-Straight-Talk_96ba0977-9465-4837-b093-7ff0f38145f0.5454ebd9396be129f33ccd1fc4275aa7.jpeg", "short_description": "iPhone 13. Your new superpower. The iPhone 13 on Straight Talk is an all-out standout featuring the most advanced dual-camera system ever on iPhone and lightning-fast performance with the all-new A15 bionic chip. Shoot incredible low-light photos and videos with the new 12MP Wide & Ultra Wide cameras and make movie magic with Cinematic mode. With 128GB of storage space, you'll be able to download and store your favorite apps, games, music and more! Plus, the 6.1-inch Super Retina screen boasts an XDR display that's even brighter, so it's easier to see in full sunlight. \u00b2 Add in durability, power and speed with Ceramic Shield, a leap in battery life with up to 19 hours of video playback,\u00b3 and 5G capability for superfast downloads and high-quality streaming\u00b9. Pair it with an unlimited talk, text & data plan on America's most reliable 5G\u2020 network without a contract from Straight Talk to keep you connected for less. Find the&nbsp;Apple iPhone 13 and Straight Talk plans online or in-store at your local Walmart."}
{"price": 629, "review_count": 2381, "item_id": "585713832", "avg_rating": 4.4, "product_name": "Straight Talk Apple iPhone 13, 128GB, Red- Prepaid Smartphone [Locked to Straight Talk]", "brand": "Apple", "availability": "IN_STOCK", "image_url": "https://i5.walmartimages.com/seo/Straight-Talk-Apple-iPhone-13-128GB-Red-Prepaid-Smartphone-Locked-to-Straight-Talk_ce20ba15-55c3-4636-9061-1fe5214ecd62.8226dec056ac1932dd073496976db76d.jpeg", "short_description": "iPhone 13. Your new superpower. The iPhone 13 on Straight Talk is an all-out standout featuring the most advanced dual-camera system ever on iPhone and lightning-fast performance with the all-new A15 bionic chip. Shoot incredible low-light photos and videos with the new 12MP Wide & Ultra Wide cameras and make movie magic with Cinematic mode. With 128GB of storage space, you'll be able to download and store your favorite apps, games, music and more! Plus, the 6.1-inch Super Retina screen boasts an XDR display that's even brighter, so it's easier to see in full sunlight. \u00b2 Add in durability, power and speed with Ceramic Shield, a leap in battery life with up to 19 hours of video playback,\u00b3 and 5G capability for superfast downloads and high-quality streaming\u00b9. Pair it with an unlimited talk, text & data plan on America's most reliable 5G\u2020  network without a contract from Straight Talk to keep you connected for less. Find the\u00a0Apple iPhone 13 and Straight Talk plans online or in-store at your local Walmart."}
{"price": 249, "review_count": 133, "item_id": "13154915779", "avg_rating": 4.4, "product_name": "Walmart Family Mobile Apple iPhone 13, 128GB, 5G, Midnight - Prepaid Smartphone [Locked to Walmart Family Mobile]", "brand": "Apple", "availability": "IN_STOCK", "image_url": "https://i5.walmartimages.com/seo/Walmart-Family-Mobile-Apple-iPhone-13-128GB-5G-Midnight-Prepaid-Smartphone-Locked-to-Walmart-Family-Mobile_1c1e8882-6647-4f95-b6da-39183898618c.0b325bb079e2cd662542f5c50717c54a.jpeg", "short_description": "<p>The iPhone 13 from Walmart Family Mobile is an all-out standout featuring an advanced dual-camera system and lightning-fast performance with the A15 bionic chip. Shoot incredible low-light photos and videos with 12MP Wide &amp; Ultra Wide cameras and make movie magic with Cinematic mode.</p>\n<p>With 128GB of storage space, you'll be able to download and store your favorite apps, games, music and more! Plus, the 6.1-inch Super Retina screen boasts an XDR display that's even brighter, so it's easier to see in full sunlight. \u00b2 Add in durability, power and speed with Ceramic Shield, a leap in battery life with up to 19 hours of video playback,\u00b3 and 5G capability for superfast downloads and high-quality streaming.</p>\n<p>Plus, with Walmart Family Mobile's 5G\u2020 coverage on the network America relies on and no contract plans you can always keep up with those who matter the most.</p>\n<p>Pair this device with a premium wireless experience without the premium price tag or costly long-term contracts and get unlimited talk &amp; text plans from Walmart Family Mobile that start at just $35/mo for a single line. Enjoy special perks like hotspot capability, international long-distance calling, and exclusive discounts. Shop for the Walmart Family Mobile iPhone 13 online at Walmart.com or at your local Walmart.</p>"}
{"price": 199, "review_count": 4418, "item_id": "962786054", "avg_rating": 4.4, "product_name": "Straight Talk Apple iPhone 12, 64GB, Black - Prepaid Smartphone [Locked to Straight Talk]", "brand": "Apple", "availability": "IN_STOCK", "image_url": "https://i5.walmartimages.com/seo/Straight-Talk-Apple-iPhone-12-64GB-Black-Prepaid-Smartphone-Locked-to-Straight-Talk_66b2853b-6cb5-4f20-b73a-b60b39b6de44.6b3bf83a920058a47342318925f1dc2b.jpeg", "short_description": "Welcome to the new era of iPhone. With the iPhone 12 in Black from Straight Talk, you can use the ultrafast 5G to download huge files on the go and stream HDR video anytime anywhere.1 Take it all in with the beautifully bright 6.1-inch Super Retina XDR display2 that's protected with Ceramic Shield with 4x better drop performance.3 Take stunning photos, even at night with incredible low-light photography with a new advanced dual-camera system. Edit photos, browse and multitask better than ever with the powerful A14 Bionic chip and the 4GB RAM Memory. You're covered wherever you go, thanks to coverage on the network America relies on with Straight Talk. Find your next phone and choose from a range of talk, text and data plans either online or by heading to your local Walmart."}
{"price": 144.97, "review_count": 438, "item_id": "946873936", "avg_rating": 4.392694063926941, "product_name": "Restored Apple iPhone XS - Fully Unlocked - 64 GB Silver (Refurbished)", "brand": "Apple", "availability": "IN_STOCK", "image_url": "https://i5.walmartimages.com/seo/Restored-Apple-iPhone-XS-64GB-Silver-Fully-Unlocked-Smartphone-Refurbished_a7545469-801b-4632-b380-cb9e23c42fc3.7ec17bdaae2aca86be18102fee50a080.jpeg", "short_description": "Apple iPhone XS 64GB GSM Silver Unlocked Smartphone"}
{"price": 144.97, "review_count": 438, "item_id": "946873936", "avg_rating": 4.392694063926941, "product_name": "Restored Apple iPhone XS - Fully Unlocked - 64 GB Silver (Refurbished)", "brand": "Apple", "availability": "IN_STOCK", "image_url": "https://i5.walmartimages.com/seo/Restored-Apple-iPhone-XS-64GB-Silver-Fully-Unlocked-Smartphone-Refurbished_a7545469-801b-4632-b380-cb9e23c42fc3.7ec17bdaae2aca86be18102fee50a080.jpeg", "short_description": "Apple iPhone XS 64GB GSM Silver Unlocked Smartphone"}
{"price": 157.97, "review_count": 315, "item_id": "374015561", "avg_rating": 4.3, "product_name": "Restored Apple iPhone XS - Fully Unlocked - 256 GB Gold (Refurbished)", "brand": "Apple", "availability": "IN_STOCK", "image_url": "https://i5.walmartimages.com/seo/Restored-Apple-iPhone-XS-256GB-Gold-Unlocked-Refurbished_be198d7a-c836-4d4f-bd1e-e00260ac6567_1.3f3cfd74d6f06b1cd9174e6152986fa3.jpeg", "short_description": "5.8-inch Super Retina display (OLED) with HDRIP68 dust and water resistant (maximum depth of 2 meters up to 30 minutes)12MP dual cameras with dual OIS and 7MP TrueDepth front camera - Portrait mode, Portrait Lighting, Depth Control and Smart HDRFace ID for secure authentication and Apple PayA12 Bionic with next-gen Neural Engine The Apple iPhone XS features a 5.8-inch Super Retina display with custom-built OLED panels for an HDR Display that provides the industry's best color accuracy, true blacks and remarkable brightness. Advanced Face ID lets you securely unlock your iPhone, log into apps and pay with just a glance. The A12 Bionic chip with next-gen Neural Engine uses real-time machine learning to transform the way you experience photos, gaming, augmented reality, and more. A breakthrough 12MP dual-camera system takes your portraits to the next level with Portrait Mode, Portrait Lighting, enhanced bokeh, and all-new Depth Control. These phones are Fully Unlocked and are Compatible with all major U.S Carriers, including Verizon, AT&T, and T-Mobile."}
{"price": 131.17, "review_count": 315, "item_id": "772526563", "avg_rating": 4.3, "product_name": "Restored Apple iPhone XS - Fully Unlocked - 256 GB Silver (Refurbished)", "brand": "Apple", "availability": "IN_STOCK", "image_url": "https://i5.walmartimages.com/seo/Restored-Apple-iPhone-XS-256GB-Silver-Fully-Unlocked-Smartphone-Refurbished_2d6d9f79-6033-454b-af8b-ee8dcc5a5970.abe6a146b265532b49811af164787f1b.jpeg", "short_description": "Apple iPhone XS 256GB Silver Fully Unlocked Smartphone Refurbished 5.8-inch Super Retina display (OLED) with HDRIP68 dust and water resistant (maximum depth of 2 meters up to 30 minutes)12MP dual cameras with dual OIS and 7MP True Depth front camera - Portrait mode, Portrait Lighting, Depth Control and Smart HDRFace ID for secure authentication and Apple PayA12 Bionic with next-gen Neural Engine"}
{"price": 169.97, "review_count": 315, "item_id": "513878284", "avg_rating": 4.3, "product_name": "Restored Apple iPhone XS - Fully Unlocked - 512 GB Space Gray (Refurbished)", "brand": "Apple", "availability": "IN_STOCK", "image_url": "https://i5.walmartimages.com/seo/Restored-Apple-iPhone-XS-512GB-Space-Gray-Fully-Unlocked-Smartphone-Refurbished_1205f26c-4ce7-48e0-868d-86641b246d82.d4a71547333d2e2ec2b2370ef31a8846.jpeg", "short_description": "iPhone XS features a 5.8-inch Super Retina display with custom-built OLED panels for an HDR display that provides the industry\u2019s best color accuracy, true blacks, and remarkable brightness. Advanced Face ID lets you securely unlock your iPhone, log in to apps, and pay with just a glance. The A12 Bionic chip with next-generation Neural Engine uses real-time machine learning to transform the way you experience photos, gaming, augmented reality, and more. A breakthrough 12MP dual-camera system takes your portraits to the next level with Portrait mode, Portrait Lighting, enhanced bokeh, and all-new Depth Control. Water resistance. And iOS 12\u2014the most advanced mobile operating system\u2014with powerful new tools that make the iPhone more personal than ever."}
{"price": 149, "review_count": 2904, "item_id": "616074177", "avg_rating": 4.3, "product_name": "Straight Talk Apple iPhone SE3, 64GB, Midnight - Prepaid Smartphone [Locked to Straight Talk]", "brand": "Apple", "availability": "IN_STOCK", "image_url": "https://i5.walmartimages.com/seo/Straight-Talk-Apple-iPhone-SE3-64GB-Midnight-Prepaid-Smartphone-Locked-to-Straight-Talk_09ed12de-92c5-449f-8e7f-8125bf5d17d1.c055f1517bd70806914f222dbefb18ef.jpeg", "short_description": "<p>Serious power meets serious value with the iPhone SE in Midnight from Straight Talk. A lightning-fast A15 Bionic chip, 4GB RAM and fast 5G<sup>1</sup> connectivity make this the most powerful 4.7-inch<sup>2 </sup>iPhone ever. Enjoy up to 15 hours<sup>3</sup> of video playback on a Retina HD display made from the toughest glass available in a smartphone. Go big with stellar battery life and a superstar camera system featuring a 12MP Wide camera, Smart HDR 4, Photographic Styles, Portrait mode, and 4K video up to 60 fps. Share the moment with friends and family in stunning detail on the 7MP FaceTime HD camera with 1080p video recording. This iPhone is built for life-on-the-go with a durable, IP67 water resistant<sup>4</sup> design and a Home button with secure Touch ID. You'll love the power and the possibilities of iOS 15, which packs new features to do more with iPhone than ever before<sup>5</sup>. Pair it with a no-contract unlimited talk, text &amp; data plan from Straight Talk to keep you connected for less on America's most reliable 5G\u2020 Network. Find the Apple iPhone SE (3rd Generation) in Midnight and Straight Talk plans online or in-store at your local Walmart.</p>"}
{"price": 149, "review_count": 2904, "item_id": "616074177", "avg_rating": 4.3, "product_name": "Straight Talk Apple iPhone SE3, 64GB, Midnight - Prepaid Smartphone [Locked to Straight Talk]", "brand": "Apple", "availability": "IN_STOCK", "image_url": "https://i5.walmartimages.com/seo/Straight-Talk-Apple-iPhone-SE3-64GB-Midnight-Prepaid-Smartphone-Locked-to-Straight-Talk_09ed12de-92c5-449f-8e7f-8125bf5d17d1.c055f1517bd70806914f222dbefb18ef.jpeg", "short_description": "<p>Serious power meets serious value with the iPhone SE in Midnight from Straight Talk. A lightning-fast A15 Bionic chip, 4GB RAM and fast 5G<sup>1</sup> connectivity make this the most powerful 4.7-inch<sup>2 </sup>iPhone ever. Enjoy up to 15 hours<sup>3</sup> of video playback on a Retina HD display made from the toughest glass available in a smartphone. Go big with stellar battery life and a superstar camera system featuring a 12MP Wide camera, Smart HDR 4, Photographic Styles, Portrait mode, and 4K video up to 60 fps. Share the moment with friends and family in stunning detail on the 7MP FaceTime HD camera with 1080p video recording. This iPhone is built for life-on-the-go with a durable, IP67 water resistant<sup>4</sup> design and a Home button with secure Touch ID. You'll love the power and the possibilities of iOS 15, which packs new features to do more with iPhone than ever before<sup>5</sup>. Pair it with a no-contract unlimited talk, text &amp; data plan from Straight Talk to keep you connected for less on America's most reliable 5G\u2020 Network. Find the Apple iPhone SE (3rd Generation) in Midnight and Straight Talk plans online or in-store at your local Walmart.</p>"}
{"price": 149, "review_count": 2904, "item_id": "616074177", "avg_rating": 4.3, "product_name": "Straight Talk Apple iPhone SE3, 64GB, Midnight - Prepaid Smartphone [Locked to Straight Talk]", "brand": "Apple", "availability": "IN_STOCK", "image_url": "https://i5.walmartimages.com/seo/Straight-Talk-Apple-iPhone-SE3-64GB-Midnight-Prepaid-Smartphone-Locked-to-Straight-Talk_09ed12de-92c5-449f-8e7f-8125bf5d17d1.c055f1517bd70806914f222dbefb18ef.jpeg", "short_description": "<p>Serious power meets serious value with the iPhone SE in Midnight from Straight Talk. A lightning-fast A15 Bionic chip, 4GB RAM and fast 5G<sup>1</sup> connectivity make this the most powerful 4.7-inch<sup>2 </sup>iPhone ever. Enjoy up to 15 hours<sup>3</sup> of video playback on a Retina HD display made from the toughest glass available in a smartphone. Go big with stellar battery life and a superstar camera system featuring a 12MP Wide camera, Smart HDR 4, Photographic Styles, Portrait mode, and 4K video up to 60 fps. Share the moment with friends and family in stunning detail on the 7MP FaceTime HD camera with 1080p video recording. This iPhone is built for life-on-the-go with a durable, IP67 water resistant<sup>4</sup> design and a Home button with secure Touch ID. You'll love the power and the possibilities of iOS 15, which packs new features to do more with iPhone than ever before<sup>5</sup>. Pair it with a no-contract unlimited talk, text &amp; data plan from Straight Talk to keep you connected for less on America's most reliable 5G\u2020 Network. Find the Apple iPhone SE (3rd Generation) in Midnight and Straight Talk plans online or in-store at your local Walmart.</p>"}
{"price": 149, "review_count": 2904, "item_id": "326444571", "avg_rating": 4.3, "product_name": "Straight Talk Apple iPhone SE (2022-3rd Gen) 5G, 64GB, Starlight- Prepaid Smartphone [Locked to Straight Talk]", "brand": "Apple", "availability": "OUT_OF_STOCK", "image_url": "https://i5.walmartimages.com/seo/Straight-Talk-Apple-iPhone-SE-2022-3rd-Gen-5G-64GB-Starlight-Prepaid-Smartphone-Locked-to-Straight-Talk_b223b9f9-df41-4115-937c-515bc76e53eb.8824cade76009271a7c88973c46fd5f4.jpeg", "short_description": "<p>Serious power meets serious value with the iPhone SE in Starlight from Straight Talk. A lightning-fast A15 Bionic chip and fast 5G<sup>1</sup> connectivity make this the most powerful 4.7-inch<sup>2 </sup>iPhone ever. Enjoy up to 15 hours<sup>3</sup> of video playback on a Retina HD display made from the toughest glass available in a smartphone. Go big with stellar battery life and a superstar camera system featuring a 12MP Wide camera, Smart HDR 4, Photographic Styles, Portrait mode, and 4K video up to 60 fps. Share the moment with friends and family in stunning detail on the 7MP FaceTime HD camera with 1080p video recording. This iPhone is built for life-on-the-go with a durable, IP67 water resistant<sup>4</sup> design and a Home button with secure Touch ID. You'll love the power and the possibilities of iOS 15 and 4GB of RAM, which packs new features to do more with iPhone than ever before<sup>5</sup>. Pair it with a no-contract unlimited talk, text &amp; data plan from Straight Talk to keep you connected for less on America's most reliable 5G\u2020 Network. Find the Apple iPhone SE (3rd Generation) in Starlight and Straight Talk plans online or in-store at your local Walmart.</p>"}
{"price": 399, "review_count": 572, "item_id": "1381920049", "avg_rating": 4.4, "product_name": "Straight Talk Apple iPhone 14, 128GB, Midnight - Prepaid Smartphone [Locked to Straight Talk]", "brand": "Apple", "availability": "IN_STOCK", "image_url": "https://i5.walmartimages.com/seo/Straight-Talk-Apple-iPhone-14-128GB-Midnight-Prepaid-Smartphone-Locked-to-Straight-Talk_40024c52-77fc-4af1-ac99-713451297ee4.6a0ee2e205604e703a46d23e94efbe4d.jpeg", "short_description": "<p>Take a huge leap forward with iPhone 14 from Straight Talk. With 128GB of storage for all your files, it's also full of fantastic features like the best dual-camera system on iPhone. If you thought photos and videos were stunning before, get ready to be amazed by the results you get in both low and bright light. Get way more wow with bigger, better features like a 6.1-inch Super Retina XDR display<sup>1</sup>, all-day battery life and up to 20 hours of video playback<sup>2</sup>. Enjoy more peace of mind with groundbreaking safety features new to iPhone like Emergency SOS via satellite3 and Crash Detection. Cruise at high speeds with an A15 Bionic chip, 5-core GPU and superfast 5G cellular<sup>4</sup>.</p> <p>Pair it with a no-contract unlimited talk, text &amp; data plan from Straight Talk to keep you connected for less on America's most reliable 5G\u2020 Network. Find the Apple iPhone 14 and Straight Talk plans online or in-store at your local Walmart. This iPhone 14 is locked to Straight Talk and can only be used with Straight Talk service.</p>"}
{"price": 399, "review_count": 572, "item_id": "1381920049", "avg_rating": 4.4, "product_name": "Straight Talk Apple iPhone 14, 128GB, Midnight - Prepaid Smartphone [Locked to Straight Talk]", "brand": "Apple", "availability": "IN_STOCK", "image_url": "https://i5.walmartimages.com/seo/Straight-Talk-Apple-iPhone-14-128GB-Midnight-Prepaid-Smartphone-Locked-to-Straight-Talk_40024c52-77fc-4af1-ac99-713451297ee4.6a0ee2e205604e703a46d23e94efbe4d.jpeg", "short_description": "<p>Take a huge leap forward with iPhone 14 from Straight Talk. With 128GB of storage for all your files, it's also full of fantastic features like the best dual-camera system on iPhone. If you thought photos and videos were stunning before, get ready to be amazed by the results you get in both low and bright light. Get way more wow with bigger, better features like a 6.1-inch Super Retina XDR display<sup>1</sup>, all-day battery life and up to 20 hours of video playback<sup>2</sup>. Enjoy more peace of mind with groundbreaking safety features new to iPhone like Emergency SOS via satellite3 and Crash Detection. Cruise at high speeds with an A15 Bionic chip, 5-core GPU and superfast 5G cellular<sup>4</sup>.</p> <p>Pair it with a no-contract unlimited talk, text &amp; data plan from Straight Talk to keep you connected for less on America's most reliable 5G\u2020 Network. Find the Apple iPhone 14 and Straight Talk plans online or in-store at your local Walmart. This iPhone 14 is locked to Straight Talk and can only be used with Straight Talk service.</p>"}
{"price": 399, "review_count": 572, "item_id": "1381920049", "avg_rating": 4.4, "product_name": "Straight Talk Apple iPhone 14, 128GB, Midnight - Prepaid Smartphone [Locked to Straight Talk]", "brand": "Apple", "availability": "IN_STOCK", "image_url": "https://i5.walmartimages.com/seo/Straight-Talk-Apple-iPhone-14-128GB-Midnight-Prepaid-Smartphone-Locked-to-Straight-Talk_40024c52-77fc-4af1-ac99-713451297ee4.6a0ee2e205604e703a46d23e94efbe4d.jpeg", "short_description": "<p>Take a huge leap forward with iPhone 14 from Straight Talk. With 128GB of storage for all your files, it's also full of fantastic features like the best dual-camera system on iPhone. If you thought photos and videos were stunning before, get ready to be amazed by the results you get in both low and bright light. Get way more wow with bigger, better features like a 6.1-inch Super Retina XDR display<sup>1</sup>, all-day battery life and up to 20 hours of video playback<sup>2</sup>. Enjoy more peace of mind with groundbreaking safety features new to iPhone like Emergency SOS via satellite3 and Crash Detection. Cruise at high speeds with an A15 Bionic chip, 5-core GPU and superfast 5G cellular<sup>4</sup>.</p> <p>Pair it with a no-contract unlimited talk, text &amp; data plan from Straight Talk to keep you connected for less on America's most reliable 5G\u2020 Network. Find the Apple iPhone 14 and Straight Talk plans online or in-store at your local Walmart. This iPhone 14 is locked to Straight Talk and can only be used with Straight Talk service.</p>"}
{"price": 529, "review_count": 572, "item_id": "1232217368", "avg_rating": 4.4, "product_name": "Straight Talk Apple iPhone 14, 128GB, Starlight- Prepaid Smartphone [Locked to Straight Talk]", "brand": "Apple", "availability": "OUT_OF_STOCK", "image_url": "https://i5.walmartimages.com/seo/Straight-Talk-Apple-iPhone-14-128GB-Starlight-Prepaid-Smartphone-Locked-to-Straight-Talk_1cff4a9e-8ee3-4bfa-91c9-df70c4e11c0a.0cb4d43c21d897a3afe5db47a87035cd.jpeg", "short_description": "<p>Take a huge leap forward with iPhone 14 from Straight Talk. With 128GB of storage for all your files, it's also full of fantastic features like the best dual-camera system on iPhone. If you thought photos and videos were stunning before, get ready to be amazed by the results you get in both low and bright light. Get way more wow with bigger, better features like a 6.1-inch Super Retina XDR display<sup>1</sup>, all-day battery life and up to 20 hours of video playback<sup>2</sup>. Enjoy more peace of mind with groundbreaking safety features new to iPhone like Emergency SOS via satellite3 and Crash Detection. Cruise at high speeds with an A15 Bionic chip, 5-core GPU and superfast 5G cellular<sup>4</sup>.</p> <p>Pair it with a no-contract unlimited talk, text &amp; data plan from Straight Talk to keep you connected for less on America's most reliable 5G\u2020 Network. Find the Apple iPhone 14 and Straight Talk plans online or in-store at your local Walmart. This iPhone 14 is locked to Straight Talk and can only be used with Straight Talk service.</p>"}
{"price": 58, "review_count": 2, "item_id": "441995798", "avg_rating": 3, "product_name": "Pre-Owned Apple iPhone 6 64GB, Gold - Unlocked GSM", "brand": "Apple", "availability": "IN_STOCK", "image_url": "https://i5.walmartimages.com/seo/Apple-iPhone-6-64GB-Gold-Unlocked-GSM-Used_d37d60ec-2c8e-46a0-8ff7-55f2b9c069ca.e6d31eec8a3f5efd3d0e975344043fc2.jpeg", "short_description": "Refurbished iPhone"}
{"price": 579, "review_count": 227, "item_id": "5038349517", "avg_rating": 4.3, "product_name": "Straight Talk Apple iPhone 15, 128GB, Pink - Prepaid Smartphone", "brand": "Apple", "availability": "IN_STOCK", "image_url": "https://i5.walmartimages.com/seo/Straight-Talk-Apple-iPhone-15-128GB-Pink-Prepaid-Smartphone_ec7476f9-704a-486c-9ddd-60717422a10e.817260fe31d3834e27843c1868d708a8.jpeg", "short_description": "<p>The iPhone you want for a price you'll love. The iPhone 15 in Pink from Straight Talk brings you Dynamic Island, 128GB of internal storage, a 48MP Main camera, and USB-C<sup>4</sup>\u2014all in a durable color-infused glass and aluminum design. It's splash, water and dust resistant<sup>2</sup> with a ceramic shield front that's tougher than any smartphone glass. And is made from more recycled materials to reduce environmental impact. Plus, capture next generation portraits in stunning detail and color and enjoy peace of mind with innovative safety features including Crash Detection, to call for help even if you can't.</p>\n<p>With Straight Talk's coverage on the network America relies on and no-contract Unlimited Plans you can always keep up with those who matter the most. Shop for the iPhone 15 and available Straight Talk plans online or at your local Walmart.</p>"}
{"price": 929, "review_count": 13, "item_id": "11610769287", "avg_rating": 5, "product_name": "Straight Talk Apple iPhone 16 Plus, 128GB, White - Prepaid Smartphone [Locked to Straight Talk]", "brand": "Apple", "availability": "IN_STOCK", "image_url": "https://i5.walmartimages.com/seo/Straight-Talk-Apple-iPhone-16-Plus-128GB-White-Prepaid-Smartphone-Locked-to-Straight-Talk_ea21c144-edf1-4fe5-85dd-edfd7e650a84.57952a9e63157766ec32d49ec3c78b2f.jpeg", "short_description": "<p>Superfast. Supersmart. Get the first iPhone built for Apple Intelligence<sup>1</sup> with the iPhone 16 Plus from Straight Talk.</p>\n<p>With a supersmart A18 chip, jump two generations ahead of the A16 Bionic chip in iPhone 15 to enable Apple Intelligence, powering advanced photo and video features, and supportive console-level gaming, with exceptional power efficiency.</p>\n<p>Apple Intelligence helps you write, express yourself, and get things done effortlessly, and groundbreaking privacy protection gives you peace of mind that no one else can access your data.</p>\n<p>Take total camera control with an easier way to quickly access camera tools, like zoom or depth of field, so you can take the perfect shot in record time. The advanced dual-camera system features a 48MP Fusion camera, to capture stunning high-resolution images, with 2x optical-quality Telephoto and an improved 12MP Ultra Wide featuring autofocus.</p>\n<p>iPhone 16 Plus works together with the A18 chip to deliver a big boost in battery life with up to 27 hours video playback.<sup>2</sup> Charge via USB-C or snap on a MagSafe charger for faster wireless charging.<sup>3</sup></p>\n<p>All this, with a design to last - as iPhone 16 Plus has a sturdy, aerospace-grade aluminum design with a 6.7-inch Super Retina XDR display.<sup>4</sup> It's remarkably durable with the latest-generation Ceramic Shield material that's 2x tougher than any smartphone glass.</p>\n<p>Pair the iPhone 16 Plus with a Straight Talk no-contract plan featuring unlimited talk &amp; text, plus 10GB of high-speed data starting at only $35/month for a single line, all on America\u2019s most reliable 5G network.&nbsp;</p>\n<p>To activate this device, a Straight Talk Wireless plan is required. Shop for the iPhone 16 Plus online or at your local Walmart.</p>"}
{"price": 159.99, "review_count": 6550, "item_id": "571918184", "avg_rating": 4.246870229007634, "product_name": "Pre-Owned Apple iPhone 11 - 64GB - Fully Unlocked (CDMA+GSM) - (Good) Condition", "brand": "Apple", "availability": "IN_STOCK", "image_url": "https://i5.walmartimages.com/seo/Pre-Owned-Apple-iPhone-11-64GB-Black-Fully-Unlocked-Refurbished-Good_27f129f0-97bb-47bc-9e6e-e4a1f9adb66e.2d615f0da0acc4715e1144efae4af701.jpeg", "short_description": "iPhone 11 64GB - GSM and CDMA - Z/C"}
{"price": 159.99, "review_count": 6550, "item_id": "571918184", "avg_rating": 4.246870229007634, "product_name": "Pre-Owned Apple iPhone 11 - 64GB - Fully Unlocked (CDMA+GSM) - (Good) Condition", "brand": "Apple", "availability": "IN_STOCK", "image_url": "https://i5.walmartimages.com/seo/Pre-Owned-Apple-iPhone-11-64GB-Black-Fully-Unlocked-Refurbished-Good_27f129f0-97bb-47bc-9e6e-e4a1f9adb66e.2d615f0da0acc4715e1144efae4af701.jpeg", "short_description": "iPhone 11 64GB - GSM and CDMA - Z/C"}
{"price": 1199, "review_count": 67, "item_id": "11617813503", "avg_rating": 4.4, "product_name": "Straight Talk Apple iPhone 16 Pro Max, 256GB, Black Titanium - Prepaid Smartphone [Locked to Straight Talk]", "brand": "Apple", "availability": "IN_STOCK", "image_url": "https://i5.walmartimages.com/seo/Straight-Talk-Apple-iPhone-16-Pro-Max-256GB-Black-Titanium-Prepaid-Smartphone-Locked-to-Straight-Talk_0fe4472f-b91d-4744-9e6e-5ea4293fbffc.0b518f2716c74cd0a83b5477a0449215.jpeg", "short_description": "<p>A Pro studio in your pocket. Get the first iPhone built for Apple Intelligence<sup>1</sup> with the iPhone 16 Pro Max from Straight Talk.</p>\n<p>With a supersmart A18 chip, jump two generations ahead of the A16 Bionic chip in iPhone 15 to enable Apple Intelligence, powering advanced photo and video features, and supportive console-level gaming, with exceptional power efficiency.</p>\n<p>Apple Intelligence helps you write, express yourself, and get things done effortlessly, and groundbreaking privacy protection gives you peace of mind that no one else can access your data.</p>\n<p>Take your videos to a whole new level with 4K 120 fps Dolby Vision, enabled by the 48MP Fusion camera. Capture stunning high-resolution images, with 2x optical-quality Telephoto and an improved 12MP Ultra Wide camera, featuring autofocus.</p>\n<p>iPhone 16 Pro Max works together with the A18 chip to deliver a big boost in battery life with up to 33 hours video playback.<sup>2</sup> Charge via USB-C or snap on a MagSafe charger for faster wireless charging.<sup>3</sup></p>\n<p>All this, with stunning titanium design. iPhone 16 Pro Max has a strong and light titanium design with a larger 6.9-inch Super Retina XDR display.<sup>4</sup> It's remarkably durable with the latest-generation Ceramic Shield material that's 2x tougher than any smartphone glass.</p>\n<p>Pair the iPhone 16 Pro Max with a Straight Talk no-contract plan featuring unlimited talk &amp; text, plus 10GB of high-speed data starting at only $35/month for a single line, all on America's most reliable 5G network.</p>\n<p>To activate this device, a Straight Talk Wireless plan is required. Shop for the iPhone 16 Pro Max online or at your local Walmart.</p>"}
{"price": 142.95, "review_count": 1742, "item_id": "227854317", "avg_rating": 4.231343283582089, "product_name": "Pre-Owned Apple iPhone XR - Carrier Unlocked - 64 GB Coral (Good)", "brand": "Apple", "availability": "IN_STOCK", "image_url": "https://i5.walmartimages.com/seo/Pre-Owned-Apple-iPhone-XR-Carrier-Unlocked-64GB-Coral-Refurbished-Good_c48f35e2-c0ce-4574-aa20-3bcb09299124.08b63ac82a91614685f2b6b9af187238.jpeg", "short_description": "The Apple iPhone XR features the most advanced LCD in a smartphone - a 6.1-inch Liquid Retina display with industry-leading color accuracy and an innovative backlight design that allows the screen to stretch into the corners. Six stunning new finishes. Advanced Face ID lets you securely unlock your iPhone, log in to apps, and pay with just a glance. The A12 Bionic chip with next-generation Neural Engine uses real-time machine learning to transform the way you experience photos, gaming, augmented reality, and more. A breakthrough 12MP camera system with Portrait mode, Portrait Lighting, enhanced bokeh, and all-new Depth Control."}
{"price": 142.95, "review_count": 1742, "item_id": "227854317", "avg_rating": 4.231343283582089, "product_name": "Pre-Owned Apple iPhone XR - Carrier Unlocked - 64 GB Coral (Good)", "brand": "Apple", "availability": "IN_STOCK", "image_url": "https://i5.walmartimages.com/seo/Pre-Owned-Apple-iPhone-XR-Carrier-Unlocked-64GB-Coral-Refurbished-Good_c48f35e2-c0ce-4574-aa20-3bcb09299124.08b63ac82a91614685f2b6b9af187238.jpeg", "short_description": "The Apple iPhone XR features the most advanced LCD in a smartphone - a 6.1-inch Liquid Retina display with industry-leading color accuracy and an innovative backlight design that allows the screen to stretch into the corners. Six stunning new finishes. Advanced Face ID lets you securely unlock your iPhone, log in to apps, and pay with just a glance. The A12 Bionic chip with next-generation Neural Engine uses real-time machine learning to transform the way you experience photos, gaming, augmented reality, and more. A breakthrough 12MP camera system with Portrait mode, Portrait Lighting, enhanced bokeh, and all-new Depth Control."}
{"price": 1299, "review_count": 126, "item_id": "1674567874", "avg_rating": 4.5, "product_name": "Straight Talk Apple iPhone 14 Pro, 128GB, Black - Prepaid Smartphone [Locked to Straight Talk]", "brand": "Apple", "availability": "IN_STOCK", "image_url": "https://i5.walmartimages.com/seo/Straight-Talk-Apple-iPhone-14-Pro-128GB-Black-Prepaid-Smartphone-Locked-to-Straight-Talk_22041fab-20c1-46d0-abbe-047606859de0.66984c13d719a254d7be60ba62efe4c3.jpeg", "short_description": "<p>Pro. Beyond. Take a huge leap forward with the iPhone 14 Pro from Straight Talk. Experience iPhone in a whole new way with Dynamic Island, Always-On display and A16 Bionic chip, the ultimate smartphone chip. Capture incredible detail with a 48MP main camera for up to 4x greater resolution. Get way more wow with bigger, better features like 128GB of storage, a 6.1-inch Super Retina XDR display<sup>1</sup>, all-day battery life and up to 23 hours of video playback<sup>2</sup>. Enjoy more peace of mind with groundbreaking safety features new to iPhone like Emergency SOS via satellite<sup>3</sup> and Crash Detection. Cruise at high speeds with superfast 5G cellular<sup>4</sup>.</p>\n<p>Pair it with a no-contract unlimited talk, text &amp; data plan from Straight Talk to keep you connected for less on America's most reliable 5G\u2020 Network. Find the Apple iPhone 14 Pro and Straight Talk plans online or in-store at your local Walmart.</p>"}
{"price": 144.87, "review_count": 1412, "item_id": "620608873", "avg_rating": 4.171388101983003, "product_name": "Restored Apple iPhone XR 64GB Factory Unlocked Smartphone 4G LTE iOS Smartphone (Refurbished)", "brand": "Apple", "availability": "IN_STOCK", "image_url": "https://i5.walmartimages.com/seo/Restored-Apple-iPhone-XR-64GB-Factory-Unlocked-Smartphone-4G-LTE-iOS-Smartphone-Refurbished_430bedce-ad3b-4ac3-b5ba-da74e527427a.70a482d819d9ec3af3d577c93e80dcb2.jpeg", "short_description": "Apple iPhone XR 64GB Factory Unlocked 4G LTE iOS Smartphone Refurbished 6.1-inch IPS LCD Capacitive Touchscreen, 828 x 1792 pixels iOS, Apple A12 Bionic, Hexa-Core, Apple GPU (4-Core Graphics) 12MP Camera with f/1.8 aperture, 1/2.6 inch Sensor Size, OIS, PDAF & 7MP Front Camera with f/2.2, 32mm Internal Memory: 64GB, 3GB RAM IP67 Dust/Water Resistant (Up to 1m for 30mins), Scratch-Resistant Glass, Oleophobic Coating Dimensions: 5.94 x 2.98 x 0.33 inches, Weight: 6.84 oz"}
{"price": 144.87, "review_count": 1412, "item_id": "620608873", "avg_rating": 4.171388101983003, "product_name": "Restored Apple iPhone XR 64GB Factory Unlocked Smartphone 4G LTE iOS Smartphone (Refurbished)", "brand": "Apple", "availability": "IN_STOCK", "image_url": "https://i5.walmartimages.com/seo/Restored-Apple-iPhone-XR-64GB-Factory-Unlocked-Smartphone-4G-LTE-iOS-Smartphone-Refurbished_430bedce-ad3b-4ac3-b5ba-da74e527427a.70a482d819d9ec3af3d577c93e80dcb2.jpeg", "short_description": "Apple iPhone XR 64GB Factory Unlocked 4G LTE iOS Smartphone Refurbished 6.1-inch IPS LCD Capacitive Touchscreen, 828 x 1792 pixels iOS, Apple A12 Bionic, Hexa-Core, Apple GPU (4-Core Graphics) 12MP Camera with f/1.8 aperture, 1/2.6 inch Sensor Size, OIS, PDAF & 7MP Front Camera with f/2.2, 32mm Internal Memory: 64GB, 3GB RAM IP67 Dust/Water Resistant (Up to 1m for 30mins), Scratch-Resistant Glass, Oleophobic Coating Dimensions: 5.94 x 2.98 x 0.33 inches, Weight: 6.84 oz"}
{"price": 144.87, "review_count": 1234, "item_id": "620608873", "avg_rating": 4.1, "product_name": "Restored Apple iPhone XR 64GB Factory Unlocked Smartphone 4G LTE iOS Smartphone (Refurbished)", "brand": "Apple", "availability": "IN_STOCK", "image_url": "https://i5.walmartimages.com/seo/Restored-Apple-iPhone-XR-64GB-Factory-Unlocked-Smartphone-4G-LTE-iOS-Smartphone-Refurbished_430bedce-ad3b-4ac3-b5ba-da74e527427a.70a482d819d9ec3af3d577c93e80dcb2.jpeg", "short_description": "Apple iPhone XR 64GB Factory Unlocked 4G LTE iOS Smartphone Refurbished 6.1-inch IPS LCD Capacitive Touchscreen, 828 x 1792 pixels iOS, Apple A12 Bionic, Hexa-Core, Apple GPU (4-Core Graphics) 12MP Camera with f/1.8 aperture, 1/2.6 inch Sensor Size, OIS, PDAF & 7MP Front Camera with f/2.2, 32mm Internal Memory: 64GB, 3GB RAM IP67 Dust/Water Resistant (Up to 1m for 30mins), Scratch-Resistant Glass, Oleophobic Coating Dimensions: 5.94 x 2.98 x 0.33 inches, Weight: 6.84 oz"}
{"price": 157.49, "review_count": 1234, "item_id": "903436380", "avg_rating": 4.1, "product_name": "Restored Apple iPhone XR 64GB Factory Unlocked Smartphone 4G LTE iOS Smartphone (Refurbished)", "brand": "Apple", "availability": "IN_STOCK", "image_url": "https://i5.walmartimages.com/seo/Restored-Apple-iPhone-XR-64GB-Factory-Unlocked-Smartphone-4G-LTE-iOS-Smartphone-Refurbished_1d293809-56ff-44af-9dd1-103577e00b8e.d195e9401219e0fc5f31643a0fef4098.jpeg", "short_description": "iPhone XR features the most advanced LCD in a smartphone - a 6.1-inch Liquid Retina display with industry-leading color accuracy and an innovative backlight design that allows the screen to stretch into the corners\u00b9. Six stunning new finishes. Advanced Face ID lets you securely unlock your iPhone, log in to apps, and pay with just a glance. The A12 Bionic chip with next-generation Neural Engine uses real-time machine learning to transform the way you experience photos, gaming, augmented reality, and more. A breakthrough 12MP camera system with Portrait mode, Portrait Lighting, enhanced bokeh, and all-new Depth Control. Water resistance\u00b2. And iOS 12 - the most advanced mobile operating system in the world - with powerful new tools that make iPhone more personal than ever."}
{"price": 136.02, "review_count": 1234, "item_id": "973869646", "avg_rating": 4.1, "product_name": "Restored Apple iPhone XR 64GB Factory Unlocked Smartphone 4G LTE iOS Smartphone (Refurbished)", "brand": "Apple", "availability": "IN_STOCK", "image_url": "https://i5.walmartimages.com/seo/Restored-Apple-iPhone-XR-64GB-Factory-Unlocked-Smartphone-4G-LTE-iOS-Smartphone-Refurbished_4fd07c54-c163-410c-a56a-da9760869417.9d81b21f59fc0f576b8bd6e04151a225.jpeg", "short_description": "iPhone XR features the most advanced LCD in a smartphone - a 6.1-inch Liquid Retina display with industry-leading color accuracy and an innovative backlight design that allows the screen to stretch into the corners\u00b9. Six stunning new finishes. Advanced Face ID lets you securely unlock your iPhone, log in to apps, and pay with just a glance. The A12 Bionic chip with next-generation Neural Engine uses real-time machine learning to transform the way you experience photos, gaming, augmented reality, and more. A breakthrough 12MP camera system with Portrait mode, Portrait Lighting, enhanced bokeh, and all-new Depth Control. Water resistance\u00b2. And iOS 12 - the most advanced mobile operating system in the world - with powerful new tools that make iPhone more personal than ever."}
{"price": 1129, "review_count": 0, "item_id": "12123812927", "avg_rating": null, "product_name": "Straight Talk Apple iPhone 16, 512GB, Black - Prepaid Smartphone [Locked to Straight Talk}", "brand": "Apple", "availability": "IN_STOCK", "image_url": "https://i5.walmartimages.com/seo/Straight-Talk-Apple-iPhone-16-512GB-Black-Prepaid-Smartphone-Locked-to-Straight-Talk_55cd7462-775d-47a2-b9cb-58aa0c8afc62.81f9319d6e0a8b29791641aade78e240.jpeg", "short_description": "<p>Superfast. Supersmart. Get the first iPhone built for Apple Intelligence<sup>1</sup> with the iPhone 16 from Straight Talk.</p>\n<p>With a supersmart A18 chip, jump two generations ahead of the A16 Bionic chip in iPhone 15 to enable Apple Intelligence, powering advanced photo and video features, and supportive console-level gaming, with exceptional power efficiency.</p>\n<p>Apple Intelligence helps you write, express yourself, and get things done effortlessly, and groundbreaking privacy protection gives you peace of mind that no one else can access your data.</p>\n<p>Take total camera control with an easier way to quickly access camera tools, like zoom or depth of field, so you can take the perfect shot in record time. The advanced dual-camera system features a 48MP Fusion camera, to capture stunning high-resolution images, with 2x optical-quality Telephoto and an improved 12MP Ultra Wide featuring autofocus.</p>\n<p>Plus, iPhone 16 works together with the A18 chip to deliver a big boost in battery life with up to 22 hours video playback.2 Charge via USB-C or snap on a MagSafe charger for faster wireless charging.<sup>3</sup></p>\n<p>All this, with a design to last - as iPhone 16 has a sturdy, aerospace-grade aluminum design with a 6.1-inch Super Retina XDR display.4 It's remarkably durable with the latest-generation Ceramic Shield material that's 2x tougher than any smartphone glass.</p>\n<p>Pair the iPhone 16 with a Straight Talk no-contract plan featuring unlimited talk &amp; text, plus 10GB of high-speed data starting at only $35/month for a single line, all on America's most reliable 5G network.&nbsp;</p>\n<p>To activate this device, a Straight Talk Wireless plan is required. Shop for the iPhone 16 online or at your local Walmart.</p>"}
{"price": 579, "review_count": 97, "item_id": "5061266150", "avg_rating": 4.3, "product_name": "Straight Talk Apple iPhone 15, 128GB, Green - Prepaid Smartphone", "brand": "Apple", "availability": "IN_STOCK", "image_url": "https://i5.walmartimages.com/seo/Straight-Talk-Apple-iPhone-15-128GB-Green-Prepaid-Smartphone_96f0f8c9-ba4d-4850-a00c-413cadde417e.13482492fff4faecc6a40ca2381bef40.jpeg", "short_description": "<p>The iPhone you want for a price you'll love. The iPhone 15 in Green from Straight Talk brings you Dynamic Island, 128GB of internal storage, a 48MP Main camera, and USB-C<sup>4</sup>\u2014all in a durable color-infused glass and aluminum design. It's splash, water and dust resistant<sup>2</sup> with a ceramic shield front that's tougher than any smartphone glass. And is made from more recycled materials to reduce environmental impact. Plus, capture next generation portraits in stunning detail and color and enjoy peace of mind with innovative safety features including Crash Detection, to call for help even if you can't.</p>\n<p>With Straight Talk's coverage on the network America relies on and no-contract Unlimited Plans you can always keep up with those who matter the most. Shop for the iPhone 15 and available Straight Talk plans online or at your local Walmart.</p>"}
{"price": 929, "review_count": 2, "item_id": "11632865065", "avg_rating": 5, "product_name": "Straight Talk Apple iPhone 16, 256GB, White - Prepaid Smartphone [Locked to Straight Talk]", "brand": "Apple", "availability": "IN_STOCK", "image_url": "https://i5.walmartimages.com/seo/Straight-Talk-Apple-iPhone-16-256GB-White-Prepaid-Smartphone-Locked-to-Straight-Talk_7f52d4b1-47ea-40cc-ae62-2b5edf40f29b.8ef1f8d28ce70177fbc03331f9fa9064.jpeg", "short_description": "<p>Superfast. Supersmart. Get the first iPhone built for Apple Intelligence<sup>1</sup> with the iPhone 16 from Straight Talk.</p>\n<p>With a supersmart A18 chip, jump two generations ahead of the A16 Bionic chip in iPhone 15 to enable Apple Intelligence, powering advanced photo and video features, and supportive console-level gaming, with exceptional power efficiency.</p>\n<p>Apple Intelligence helps you write, express yourself, and get things done effortlessly, and groundbreaking privacy protection gives you peace of mind that no one else can access your data.</p>\n<p>Take total camera control with an easier way to quickly access camera tools, like zoom or depth of field, so you can take the perfect shot in record time. The advanced dual-camera system features a 48MP Fusion camera, to capture stunning high-resolution images, with 2x optical-quality Telephoto and an improved 12MP Ultra Wide featuring autofocus.</p>\n<p>Plus, iPhone 16 works together with the A18 chip to deliver a big boost in battery life with up to 22 hours video playback.2 Charge via USB-C or snap on a MagSafe charger for faster wireless charging.<sup>3</sup></p>\n<p>All this, with a design to last - as iPhone 16 has a sturdy, aerospace-grade aluminum design with a 6.1-inch Super Retina XDR display.4 It's remarkably durable with the latest-generation Ceramic Shield material that's 2x tougher than any smartphone glass.</p>\n<p>Pair the iPhone 16 with a Straight Talk no-contract plan featuring unlimited talk &amp; text, plus 10GB of high-speed data starting at only $35/month for a single line, all on America's most reliable 5G network.&nbsp;</p>\n<p>To activate this device, a Straight Talk Wireless plan is required. Shop for the iPhone 16 online or at your local Walmart.</p>"}
{"price": 709.45, "review_count": 3, "item_id": "13284118769", "avg_rating": 5, "product_name": "Restored Apple iPhone 16 Plus- Cricket Wireless - 128GB Pink (Refurbished)", "brand": "Apple", "availability": "IN_STOCK", "image_url": "https://i5.walmartimages.com/seo/Restored-Apple-iPhone-16-Plus-Cricket-Wireless-128GB-Pink-Refurbished_f4429fc6-f81d-4406-93d7-5ab1aa6fc948.78f31f92f2ba06b0facbb0fa3c4683e0.jpeg", "short_description": "This item is restored and in excellent condition.  This iphone has been fully tested, factory restored and cosmetically inspected by certified technicians.  It is fully functional and cosmetically has little to no scratches, scuffs or blemishes from 12 inches away are possible."}
{"price": 709.45, "review_count": 3, "item_id": "13284118769", "avg_rating": 5, "product_name": "Restored Apple iPhone 16 Plus- Cricket Wireless - 128GB Pink (Refurbished)", "brand": "Apple", "availability": "IN_STOCK", "image_url": "https://i5.walmartimages.com/seo/Restored-Apple-iPhone-16-Plus-Cricket-Wireless-128GB-Pink-Refurbished_f4429fc6-f81d-4406-93d7-5ab1aa6fc948.78f31f92f2ba06b0facbb0fa3c4683e0.jpeg", "short_description": "This item is restored and in excellent condition.  This iphone has been fully tested, factory restored and cosmetically inspected by certified technicians.  It is fully functional and cosmetically has little to no scratches, scuffs or blemishes from 12 inches away are possible."}
{"price": 709.45, "review_count": 1, "item_id": "13284118769", "avg_rating": 1, "product_name": "Restored Apple iPhone 16 Plus- Cricket Wireless - 128GB Pink (Refurbished)", "brand": "Apple", "availability": "IN_STOCK", "image_url": "https://i5.walmartimages.com/seo/Restored-Apple-iPhone-16-Plus-Cricket-Wireless-128GB-Pink-Refurbished_f4429fc6-f81d-4406-93d7-5ab1aa6fc948.78f31f92f2ba06b0facbb0fa3c4683e0.jpeg", "short_description": "This item is restored and in excellent condition.  This iphone has been fully tested, factory restored and cosmetically inspected by certified technicians.  It is fully functional and cosmetically has little to no scratches, scuffs or blemishes from 12 inches away are possible."}
{"price": 699.97, "review_count": 1, "item_id": "13300970440", "avg_rating": 1, "product_name": "Restored Apple iPhone 16 Plus- Cricket Wireless - 128GB Ultramarine (Refurbished)", "brand": "Apple", "availability": "IN_STOCK", "image_url": "https://i5.walmartimages.com/seo/Restored-Apple-iPhone-16-Plus-Cricket-Wireless-128GB-Ultramarine-Refurbished_41b79034-6452-4e3e-ba2d-e46068090e3c.cc329685a7279bc3886b9d8783cb8312.jpeg", "short_description": "This item is restored and in excellent condition.  This iphone has been fully tested, factory restored and cosmetically inspected by certified technicians.  It is fully functional and cosmetically has little to no scratches, scuffs or blemishes from 12 inches away are possible."}
{"price": 1399, "review_count": 2, "item_id": "5060659263", "avg_rating": 5, "product_name": "Straight Talk Apple iPhone 15 Pro, 1TB, Natural - Prepaid Smartphone", "brand": "Apple", "availability": "IN_STOCK", "image_url": "https://i5.walmartimages.com/seo/Straight-Talk-Apple-iPhone-15-Pro-1TB-Natural-Prepaid-Smartphone_08ace9a1-ff37-417e-aedd-125bdd32bab3.9f2f50e007a947e740c5a8179771a75a.jpeg", "short_description": "Straight Talk Apple iPhone 15 Pro, 1TB, Natural - Prepaid Smartphone"}
{"price": 429.97, "review_count": 6, "item_id": "5179683320", "avg_rating": 4.333333333333333, "product_name": "Restored Apple iPhone 15 - Cricket Wireless - 128 GB Black (Refurbished)", "brand": "Apple", "availability": "IN_STOCK", "image_url": "https://i5.walmartimages.com/seo/Restored-Apple-iPhone-15-128GB-Cricket-Wireless-Black-MTLV3LL-A-Excellent-Condition_83f5df6e-8f02-4d98-ae21-56efbec62b9a.ed248fc9cd6cb433585cb278b84d5d0a.jpeg", "short_description": "This iPhone is restored. It has been fully tested, triaged, cosmetically Refurbished and restored to factory settings by technicians. The iPhone 15 brings you Dynamic Island, a 48MP Main camera, and USB-C - all in a durable color-infRefurbished glass and aluminum design."}
{"price": 429.97, "review_count": 6, "item_id": "5179683320", "avg_rating": 4.333333333333333, "product_name": "Restored Apple iPhone 15 - Cricket Wireless - 128 GB Black (Refurbished)", "brand": "Apple", "availability": "IN_STOCK", "image_url": "https://i5.walmartimages.com/seo/Restored-Apple-iPhone-15-128GB-Cricket-Wireless-Black-MTLV3LL-A-Excellent-Condition_83f5df6e-8f02-4d98-ae21-56efbec62b9a.ed248fc9cd6cb433585cb278b84d5d0a.jpeg", "short_description": "This iPhone is restored. It has been fully tested, triaged, cosmetically Refurbished and restored to factory settings by technicians. The iPhone 15 brings you Dynamic Island, a 48MP Main camera, and USB-C - all in a durable color-infRefurbished glass and aluminum design."}
{"price": 429.97, "review_count": 6, "item_id": "5179683320", "avg_rating": 4.333333333333333, "product_name": "Restored Apple iPhone 15 - Cricket Wireless - 128 GB Black (Refurbished)", "brand": "Apple", "availability": "IN_STOCK", "image_url": "https://i5.walmartimages.com/seo/Restored-Apple-iPhone-15-128GB-Cricket-Wireless-Black-MTLV3LL-A-Excellent-Condition_83f5df6e-8f02-4d98-ae21-56efbec62b9a.ed248fc9cd6cb433585cb278b84d5d0a.jpeg", "short_description": "This iPhone is restored. It has been fully tested, triaged, cosmetically Refurbished and restored to factory settings by technicians. The iPhone 15 brings you Dynamic Island, a 48MP Main camera, and USB-C - all in a durable color-infRefurbished glass and aluminum design."}
{"price": 499.4, "review_count": 6, "item_id": "5188146909", "avg_rating": 4.333333333333333, "product_name": "Restored Apple iPhone 15 - Cricket Wireless - 128 GB Blue (Refurbished)", "brand": "Apple", "availability": "IN_STOCK", "image_url": "https://i5.walmartimages.com/seo/Restored-Apple-iPhone-15-128GB-Cricket-Wireless-Blue-MTLY3LL-A-Excellent-Condition_dd6d1f4c-8e11-4ca9-acc6-1e992a9ce2b9.2e55f92c4fe58a658686a60e747a5e40.jpeg", "short_description": "This iPhone is restored. It has been fully tested, triaged, cosmetically Refurbished and restored to factory settings by technicians. The iPhone 15 brings you Dynamic Island, a 48MP Main camera, and USB-C - all in a durable color-infRefurbished glass and aluminum design."}
{"price": 509, "review_count": 6, "item_id": "5222865023", "avg_rating": 4.333333333333333, "product_name": "Restored Apple iPhone 15 - Cricket Wireless - 128 GB Green (Refurbished)", "brand": "Apple", "availability": "IN_STOCK", "image_url": "https://i5.walmartimages.com/seo/Restored-Apple-iPhone-15-128GB-Cricket-Wireless-Green-MTM23LL-A-Excellent-Condition_0eeff524-f4a1-42f2-8138-e9ebd8d843ed.afac2b9f446a4b812b7df8294af827b8.jpeg", "short_description": "This iPhone is restored. It has been fully tested, triaged, cosmetically Refurbished and restored to factory settings by technicians. The iPhone 15 brings you Dynamic Island, a 48MP Main camera, and USB-C - all in a durable color-infRefurbished glass and aluminum design."}
{"price": 499.99, "review_count": 6, "item_id": "5223667909", "avg_rating": 4.333333333333333, "product_name": "Restored Apple iPhone 15 - Cricket Wireless - 128 GB Pink (Refurbished)", "brand": "Apple", "availability": "IN_STOCK", "image_url": "https://i5.walmartimages.com/seo/Restored-Apple-iPhone-15-128GB-Cricket-Wireless-Pink-MTLW3LL-A-Excellent-Condition_39f3e419-9980-4b00-885a-f360d99d4a92.a88191cdcb32f4b330ea912e53b49260.jpeg", "short_description": "This iPhone is restored. It has been fully tested, triaged, cosmetically Refurbished and restored to factory settings by technicians. The iPhone 15 brings you Dynamic Island, a 48MP Main camera, and USB-C - all in a durable color-infRefurbished glass and aluminum design."}
{"price": 255, "review_count": 28, "item_id": "751720303", "avg_rating": 3.392857142857143, "product_name": "Restored Apple iPhone 13 - Cricket Wireless - 128 GB Midnight (Refurbished)", "brand": "Apple", "availability": "IN_STOCK", "image_url": "https://i5.walmartimages.com/seo/Restored-Apple-iPhone-13-128GB-Midnight-Cricket-Wireless-Refurbished_adaf8f83-5874-4f11-bcff-088341d3cc40.fc198aa73bc14c97a08630dd7f1a417e.jpeg", "short_description": "This item is refurbished. The iPhone 13 is the most advanced dual-camera system ever on iPhone. Lightning fast A15 Bionic chip. Built with a durable design, superfast 5G and a retina XDR display. This iPhone has been professionally refurbished."}
{"price": 255, "review_count": 28, "item_id": "751720303", "avg_rating": 3.392857142857143, "product_name": "Restored Apple iPhone 13 - Cricket Wireless - 128 GB Midnight (Refurbished)", "brand": "Apple", "availability": "IN_STOCK", "image_url": "https://i5.walmartimages.com/seo/Restored-Apple-iPhone-13-128GB-Midnight-Cricket-Wireless-Refurbished_adaf8f83-5874-4f11-bcff-088341d3cc40.fc198aa73bc14c97a08630dd7f1a417e.jpeg", "short_description": "This item is refurbished. The iPhone 13 is the most advanced dual-camera system ever on iPhone. Lightning fast A15 Bionic chip. Built with a durable design, superfast 5G and a retina XDR display. This iPhone has been professionally refurbished."}
{"price": 268.9, "review_count": 24, "item_id": "980441739", "avg_rating": 3.875, "product_name": "Restored Apple iPhone 13 - Cricket Wireless - 128 GB Blue (Refurbished)", "brand": "Apple", "availability": "IN_STOCK", "image_url": "https://i5.walmartimages.com/seo/Restored-Apple-iPhone-13-128GB-Blue-Cricket-Wireless-Refurbished_72feaeb0-bade-43b5-ab4d-3b93255b1701.51548e73e0baa7c3d00afd1fae243110.jpeg", "short_description": "This item is refurbished. The iPhone 13 is the most advanced dual-camera system ever on iPhone. Lightning fast A15 Bionic chip. Built with a durable design, superfast 5G and a retina XDR display. This iPhone has been professionally refurbished."}
{"price": 255, "review_count": 24, "item_id": "751720303", "avg_rating": 3.875, "product_name": "Restored Apple iPhone 13 - Cricket Wireless - 128 GB Midnight (Refurbished)", "brand": "Apple", "availability": "IN_STOCK", "image_url": "https://i5.walmartimages.com/seo/Restored-Apple-iPhone-13-128GB-Midnight-Cricket-Wireless-Refurbished_adaf8f83-5874-4f11-bcff-088341d3cc40.fc198aa73bc14c97a08630dd7f1a417e.jpeg", "short_description": "This item is refurbished. The iPhone 13 is the most advanced dual-camera system ever on iPhone. Lightning fast A15 Bionic chip. Built with a durable design, superfast 5G and a retina XDR display. This iPhone has been professionally refurbished."}
{"price": 289.99, "review_count": 24, "item_id": "669904005", "avg_rating": 3.875, "product_name": "Restored Apple iPhone 13 - Cricket Wireless - 128 GB Pink (Refurbished)", "brand": "Apple", "availability": "IN_STOCK", "image_url": "https://i5.walmartimages.com/seo/Restored-Apple-iPhone-13-128GB-Pink-Cricket-Wireless-Refurbished_2cdac333-334f-4df2-b1e4-6aa2ca38a3f7.d689b9ecd2a4abd89bb282406a20ea53.jpeg", "short_description": "This item is refurbished. The iPhone 13 is the most advanced dual-camera system ever on iPhone. Lightning fast A15 Bionic chip. Built with a durable design, superfast 5G and a retina XDR display. This iPhone has been professionally refurbished."}
{"price": 248.31, "review_count": 24, "item_id": "605881018", "avg_rating": 3.875, "product_name": "Restored Apple iPhone 13 - Cricket Wireless - 128 GB Red (Refurbished)", "brand": "Apple", "availability": "IN_STOCK", "image_url": "https://i5.walmartimages.com/seo/Restored-Apple-iPhone-13-128GB-Red-Cricket-Wireless-Refurbished_b1d5bc88-0e1b-47a5-9db6-5364c12caab9.ce245bf744696534c16d88d0ee22553e.jpeg", "short_description": "This item is refurbished. The iPhone 13 is the most advanced dual-camera system ever on iPhone. Lightning fast A15 Bionic chip. Built with a durable design, superfast 5G and a retina XDR display. This iPhone has been professionally refurbished."}
{"price": 92.9, "review_count": 337, "item_id": "179489451", "avg_rating": 3.735905044510386, "product_name": "Pre-Owned Apple iPhone 8 64GB Fully Unlocked Smartphone", "brand": "Apple", "availability": "IN_STOCK", "image_url": "https://i5.walmartimages.com/seo/Apple-iPhone-8-64GB-GSM-Unlocked-Phone-12MP-Camera-Space-Gray-Used_86f79c87-5730-49bd-a9c2-1a9367c24518.4dfff9def878547f484a5f4d569195e3.jpeg", "short_description": "iPhone 8 introduces an all new glass design. The world's most popular camera, now even better. The smartest, most powerful chip ever in a smartphone. Wireless charging that\u2019s truly effortless. And augmented reality experiences never before possible. iPhone 8. A new generation of iPhone."}
{"price": 172.9, "review_count": 410, "item_id": "809681211", "avg_rating": 4.041463414634146, "product_name": "Restored Apple iPhone 12 mini - Fully Unlocked - 128 GB Blue (Refurbished)", "brand": "Apple", "availability": "IN_STOCK", "image_url": "https://i5.walmartimages.com/seo/Restored-Apple-iPhone-12-Mini-Carrier-Unlocked-128-GB-Blue-Refurbished_b81d69c6-a047-4d8b-8c2b-274e6f8416f7.7c35569a1233e79bda55b6b2e2462402.jpeg", "short_description": "This phone is Unlocked for both GSM and CDMA carriers."}
{"price": 829, "review_count": 117, "item_id": "5059054749", "avg_rating": 4.6, "product_name": "Straight Talk Apple iPhone 15 Plus, 128GB, Pink - Prepaid Smartphone", "brand": "Apple", "availability": "IN_STOCK", "image_url": "https://i5.walmartimages.com/seo/Straight-Talk-Apple-iPhone-15-Plus-128GB-Pink-Prepaid-Smartphone_329bc019-d15a-4e66-9e20-88be32c41bd1.01040c0275ed8b10615c9fbe5733825a.jpeg", "short_description": "<p>The iPhone you want for a price you'll love. iPhone 15 Plus in Pink from Straight Talk brings you Dynamic Island, 128GB of internal storage, a 48MP Main camera and USB-C\u2014all in a durable color-infused glass and aluminum design. It's splash, water and dust resistant<sup>2</sup> with a ceramic shield front that's tougher than any smartphone glass. Enjoy all-day battery life, with up to 26 hours of video playback for all the things you want to keep doing. And is made from more recycled materials to reduce environmental impact. Plus, capture next generation portraits in stunning detail and color and enjoy peace of mind with innovative safety features including Crash Detection, to call for help even if you can't.</p>\n<p>With Straight Talk's coverage on the network America relies on and no-contract Unlimited Plans you can always keep up with those who matter the most. Shop for the iPhone 15 Plus and available Straight Talk plans online or at your local Walmart.</p>"}
{"price": 154.9, "review_count": 91, "item_id": "885907289", "avg_rating": 3.5934065934065935, "product_name": "Pre-Owned Apple iPhone 12 Mini 64GB 128GB 256GB All Colors - Factory Unlocked Smartphone (Good)", "brand": "Apple", "availability": "IN_STOCK", "image_url": "https://i5.walmartimages.com/seo/Apple-iPhone-12-Mini-64GB-128GB-256GB-All-Colors-Factory-Unlocked-Smartphone-Good-Condition_72803c78-7209-4996-9644-9cff3048e292.aac9c9ca839fe1f6ae37d76e3b799661.jpeg", "short_description": "The Apple iPhone 12 Mini is in very good condition. Housing may have moderate scratches, faint discoloration no more than 10 visible scuffs. The display lens might have light to mild amount of shallow depths scratches. LCD may contain few dead or stuck pixels without impairing the functionalities. It has passed our 30+ points inspection and proven 100% functional. Comes in retail or generic/gift box with Wall adapter and USB Cable. It is Factory Unlocked and works with any wireless carrier; AT&T, Verizon, Sprint, T-Mobile...etc. What to Expect:  -> Fully Tested, Fully Functional  -> Data Cleared & Ready to Use -> 60 Days Seller Warranty WHAT IS INCLUDED:  Apple iPhone 12 Mini  Wall Adapter USB Cable Retail Box (Open) COMPATIBLE NETWORKS:  AT&T T-Mobile Simple Mobile Metro PCs Straight Talk Cricket Net 10 Verizon* All GSM & CDMA** Carriers Worldwide *Requires an existing active SIM to activate device. **Its the buyer sole responsibility to ensure and check with his / her carrier of the compatibility of the device with his / her network."}
{"price": 409, "review_count": 69, "item_id": "1939454255", "avg_rating": 3.289855072463768, "product_name": "Open Box Apple iPhone 13 - Carrier Unlocked - 128 GB PINK", "brand": "Apple", "availability": "IN_STOCK", "image_url": "https://i5.walmartimages.com/seo/Open-Box-Apple-iPhone-13-A2482-128GB-Pink-US-Model-Factory-Unlocked-Cell-Phone_2cdac333-334f-4df2-b1e4-6aa2ca38a3f7.d689b9ecd2a4abd89bb282406a20ea53.jpeg", "short_description": "COMPATIBLE NETWORKS:  AT&T T-Mobile Simple Mobile Metro PCs Straight Talk Cricket Net 10 Verizon* All GSM & CDMA** Carriers Worldwide *Requires an existing active SIM to activate device. **Its the buyer sole responsibility to ensure and check with his / her carrier of the compatibility of the device with his / her network."}
{"price": 409, "review_count": 69, "item_id": "1939454255", "avg_rating": 3.289855072463768, "product_name": "Open Box Apple iPhone 13 - Carrier Unlocked - 128 GB PINK", "brand": "Apple", "availability": "IN_STOCK", "image_url": "https://i5.walmartimages.com/seo/Open-Box-Apple-iPhone-13-A2482-128GB-Pink-US-Model-Factory-Unlocked-Cell-Phone_2cdac333-334f-4df2-b1e4-6aa2ca38a3f7.d689b9ecd2a4abd89bb282406a20ea53.jpeg", "short_description": "COMPATIBLE NETWORKS:  AT&T T-Mobile Simple Mobile Metro PCs Straight Talk Cricket Net 10 Verizon* All GSM & CDMA** Carriers Worldwide *Requires an existing active SIM to activate device. **Its the buyer sole responsibility to ensure and check with his / her carrier of the compatibility of the device with his / her network."}
{"price": 1075.9, "review_count": 28, "item_id": "13333953014", "avg_rating": 4.714285714285714, "product_name": "Restored Apple iPhone 16 Pro Max - Carrier Unlocked - 256GB Desert Titanium (Refurbished)", "brand": "Apple", "availability": "IN_STOCK", "image_url": "https://i5.walmartimages.com/seo/Restored-Apple-iPhone-16-Pro-Max-Carrier-Unlocked-256GB-Desert-Titanium-Refurbished_1097162b-dcc4-4d72-a036-7ccca992ca39.cdee78c458a37b8496b81401a8ff370a.jpeg", "short_description": "The unlocked Apple iPhone 16 Pro Max in Desert Titanium redefines premium smartphones with its durable titanium build, cutting-edge performance, and advanced features. Powered by the A18 Pro chip, this flagship device delivers exceptional speed, energy efficiency, and unmatched multitasking capabilities. Its Pro Camera system and expansive Super Retina XDR display ensure professional-grade visuals and stunning photos, making it the ideal companion for both productivity and creativity."}
{"price": 1075.9, "review_count": 28, "item_id": "13333953014", "avg_rating": 4.714285714285714, "product_name": "Restored Apple iPhone 16 Pro Max - Carrier Unlocked - 256GB Desert Titanium (Refurbished)", "brand": "Apple", "availability": "IN_STOCK", "image_url": "https://i5.walmartimages.com/seo/Restored-Apple-iPhone-16-Pro-Max-Carrier-Unlocked-256GB-Desert-Titanium-Refurbished_1097162b-dcc4-4d72-a036-7ccca992ca39.cdee78c458a37b8496b81401a8ff370a.jpeg", "short_description": "The unlocked Apple iPhone 16 Pro Max in Desert Titanium redefines premium smartphones with its durable titanium build, cutting-edge performance, and advanced features. Powered by the A18 Pro chip, this flagship device delivers exceptional speed, energy efficiency, and unmatched multitasking capabilities. Its Pro Camera system and expansive Super Retina XDR display ensure professional-grade visuals and stunning photos, making it the ideal companion for both productivity and creativity."}
{"price": 1126.4, "review_count": 19, "item_id": "13330802751", "avg_rating": 4.105263157894737, "product_name": "Restored Apple iPhone 16 Pro Max - Carrier Unlocked - 256GB Black Titanium (Refurbished)", "brand": "Apple", "availability": "IN_STOCK", "image_url": "https://i5.walmartimages.com/seo/Restored-Apple-iPhone-16-Pro-Max-Carrier-Unlocked-256GB-Black-Titanium-Refurbished_4a92717c-e632-4024-b075-f58a4e74ea56.247abf8dccff1e646ca9d69656facc8a.jpeg", "short_description": "The unlocked Apple iPhone 16 Pro Max in Black Titanium delivers unparalleled performance, durability, and sophistication. Encased in a sleek titanium frame, this flagship smartphone offers cutting-edge features, including the powerful A18 Pro chip, a Pro Camera system with advanced zoom capabilities, and an expansive 6.9\" Super Retina XDR display. With 256GB of storage and all-day battery life, the iPhone 16 Pro Max is the ultimate device for professionals, creatives, and tech enthusiasts."}
{"price": 1075.9, "review_count": 19, "item_id": "13333953014", "avg_rating": 4.105263157894737, "product_name": "Restored Apple iPhone 16 Pro Max - Carrier Unlocked - 256GB Desert Titanium (Refurbished)", "brand": "Apple", "availability": "IN_STOCK", "image_url": "https://i5.walmartimages.com/seo/Restored-Apple-iPhone-16-Pro-Max-Carrier-Unlocked-256GB-Desert-Titanium-Refurbished_1097162b-dcc4-4d72-a036-7ccca992ca39.cdee78c458a37b8496b81401a8ff370a.jpeg", "short_description": "The unlocked Apple iPhone 16 Pro Max in Desert Titanium redefines premium smartphones with its durable titanium build, cutting-edge performance, and advanced features. Powered by the A18 Pro chip, this flagship device delivers exceptional speed, energy efficiency, and unmatched multitasking capabilities. Its Pro Camera system and expansive Super Retina XDR display ensure professional-grade visuals and stunning photos, making it the ideal companion for both productivity and creativity."}
{"price": 1148, "review_count": 19, "item_id": "13312624611", "avg_rating": 4.105263157894737, "product_name": "Restored Apple iPhone 16 Pro Max - Carrier Unlocked - 256GB Natural Titanium (Refurbished)", "brand": "Apple", "availability": "IN_STOCK", "image_url": "https://i5.walmartimages.com/seo/Restored-Apple-iPhone-16-Pro-Max-Carrier-Unlocked-256GB-Natural-Titanium-Refurbished_3ad905af-f22f-4813-b826-828db5498e49.ef19ee10395d27d61bacacc5d7446990.jpeg", "short_description": "Experience the pinnacle of smartphone innovation with the unlocked Apple iPhone 16 Pro Max. Featuring a stunning natural titanium design, the iPhone 16 Pro Max combines elegance with unmatched durability. Packed with cutting-edge technology, including the powerful A18 Pro chip, a revolutionary camera system, and USB-C connectivity, this device delivers exceptional performance, enhanced productivity, and next-level creativity."}
{"price": 1138.97, "review_count": 19, "item_id": "13295166525", "avg_rating": 4.105263157894737, "product_name": "Restored Apple iPhone 16 Pro Max - Carrier Unlocked - 256GB White Titanium (Refurbished)", "brand": "Apple", "availability": "IN_STOCK", "image_url": "https://i5.walmartimages.com/seo/Restored-Apple-iPhone-16-Pro-Max-Carrier-Unlocked-256GB-White-Titanium-Refurbished_185c7df6-ea46-4788-94ec-720736179933.ba600dc359a94a2eb97148bb0ca71d6f.jpeg", "short_description": "This item is restored and in excellent condition.  It has been fully tested, factory restored and cosmetically inspected by certified technicians.  It is fully functional and cosmetically has little to no scratches, scuffs or blemishes from 12 inches away are possible."}
